{
    "Precision": 0.75,
    "Recall": 0.7771084337349398,
    "f1_score": 0.7633136094674557
}